{"stats":{"minecraft:used":{"minecraft:iron_bars":25,"minecraft:enchanting_table":1,"minecraft:red_sand":3,"minecraft:armor_stand":194,"minecraft:red_concrete":6,"minecraft:spruce_slab":255,"minecraft:redstone":37,"minecraft:oak_sign":39,"minecraft:mycelium":10,"minecraft:black_carpet":6,"minecraft:chest":4,"minecraft:stone":4584,"minecraft:zombie_spawn_egg":89,"minecraft:player_head":2,"minecraft:green_terracotta":43,"minecraft:debug_stick":28,"minecraft:bee_spawn_egg":51,"minecraft:orange_stained_glass":163,"minecraft:anvil":1,"minecraft:acacia_button":1,"minecraft:snowball":931,"minecraft:blue_concrete":24,"minecraft:polished_diorite":5,"minecraft:crimson_button":5,"minecraft:glass":284,"minecraft:honey_block":3,"minecraft:cyan_terracotta":1,"minecraft:villager_spawn_egg":207,"minecraft:red_wool":71,"minecraft:iron_block":12,"minecraft:spruce_button":5,"minecraft:slime_block":72,"minecraft:chicken_spawn_egg":34,"minecraft:dark_oak_button":1,"minecraft:item_frame":4,"minecraft:repeater":72,"minecraft:golden_sword":4,"minecraft:red_carpet":1,"minecraft:birch_button":10,"minecraft:glowstone":279,"minecraft:redstone_lamp":57,"minecraft:brown_carpet":4,"minecraft:black_stained_glass":372,"minecraft:emerald_block":32,"minecraft:iron_trapdoor":5,"minecraft:jungle_button":2,"minecraft:gold_block":446,"minecraft:trapped_chest":5,"minecraft:zombified_piglin_spawn_egg":3,"minecraft:cobbled_deepslate":23,"minecraft:acacia_planks":171,"minecraft:observer":6,"minecraft:stripped_spruce_wood":4,"minecraft:spruce_door":5,"minecraft:end_rod":4,"minecraft:dropper":1,"minecraft:snow_block":9,"minecraft:red_stained_glass":8,"minecraft:polished_andesite":1,"minecraft:oak_planks":12,"minecraft:blackstone":96,"minecraft:sandstone":210,"minecraft:redstone_block":117,"minecraft:spruce_sign":2,"minecraft:clay":8,"minecraft:diamond_block":10,"minecraft:lime_terracotta":67,"minecraft:comparator":3,"minecraft:tnt":43,"minecraft:oak_slab":1,"minecraft:birch_sign":18,"minecraft:note_block":45,"minecraft:creeper_spawn_egg":17,"minecraft:redstone_torch":5,"minecraft:sticky_piston":1,"minecraft:piston":8,"minecraft:lever":82,"minecraft:black_wool":21,"minecraft:acacia_sign":33,"minecraft:command_block":70,"minecraft:stone_button":18,"minecraft:barrier":75,"minecraft:oak_button":18,"minecraft:pig_spawn_egg":3,"minecraft:red_terracotta":8,"minecraft:spruce_trapdoor":4,"minecraft:oak_pressure_plate":1,"minecraft:iron_door":2,"minecraft:deepslate":16,"minecraft:cat_spawn_egg":2,"minecraft:evoker_spawn_egg":2,"minecraft:ocelot_spawn_egg":1,"minecraft:jungle_sign":1,"minecraft:coal_block":612,"minecraft:andesite":12,"minecraft:white_stained_glass":202,"minecraft:chain":1,"minecraft:chain_command_block":114,"minecraft:glass_pane":3,"minecraft:repeating_command_block":95,"minecraft:polished_blackstone_button":1,"minecraft:goat_spawn_egg":3,"minecraft:pillager_spawn_egg":2},"minecraft:picked_up":{"minecraft:chicken":12,"minecraft:diamond_sword":3,"minecraft:gold_block":21,"minecraft:birch_button":4,"minecraft:sticky_piston":1,"minecraft:white_stained_glass":5,"minecraft:blackstone":16,"minecraft:oak_sign":5,"minecraft:beef":2,"minecraft:acacia_sign":10,"minecraft:spruce_slab":114,"minecraft:coal_block":83,"minecraft:diamond_hoe":5,"minecraft:egg":2,"minecraft:black_stained_glass":27,"minecraft:sandstone":4,"minecraft:stone":111,"minecraft:note_block":1,"minecraft:porkchop":3,"minecraft:crimson_button":3,"minecraft:stone_button":6,"minecraft:tnt":17,"minecraft:repeating_command_block":2,"minecraft:rotten_flesh":4,"minecraft:golden_hoe":31,"minecraft:iron_bars":1,"minecraft:cobblestone":24,"minecraft:barrier":1,"minecraft:feather":16,"minecraft:repeater":2,"minecraft:leather":1,"minecraft:wooden_hoe":4,"minecraft:glass":9,"minecraft:cooked_chicken":1,"minecraft:chain_command_block":2,"minecraft:milk_bucket":1,"minecraft:lime_terracotta":3,"minecraft:spruce_door":1,"minecraft:iron_hoe":4,"minecraft:slime_block":2,"minecraft:lever":22,"minecraft:birch_sign":7,"minecraft:spruce_sign":1,"minecraft:oak_button":7,"minecraft:netherite_hoe":4},"minecraft:killed":{"minecraft:allay":1,"minecraft:pig":1,"minecraft:goat":1,"minecraft:zombie":1,"minecraft:cow":1},"minecraft:custom":{"minecraft:inspect_dropper":12,"minecraft:mob_kills":55,"minecraft:interact_with_anvil":1,"minecraft:leave_game":179,"minecraft:time_since_death":118200,"minecraft:sprint_one_cm":7398107,"minecraft:walk_one_cm":3916060,"minecraft:drop":12000,"minecraft:play_noteblock":1,"minecraft:talked_to_villager":2,"minecraft:play_time":10163696,"minecraft:deaths":13,"minecraft:sneak_time":173478,"minecraft:jump":77265,"minecraft:total_world_time":12201423,"minecraft:tune_noteblock":245,"minecraft:time_since_rest":118226,"minecraft:damage_taken":2125,"minecraft:trigger_trapped_chest":10,"minecraft:damage_dealt":3005,"minecraft:fly_one_cm":52446153,"minecraft:open_chest":7,"minecraft:pig_one_cm":1523,"minecraft:crouch_one_cm":339397,"minecraft:fall_one_cm":24944},"minecraft:mined":{"minecraft:slime_block":1,"minecraft:repeater":2,"minecraft:tnt":17},"minecraft:dropped":{"minecraft:stone_hoe":1,"minecraft:evoker_spawn_egg":64,"minecraft:spruce_sign":22,"minecraft:clay":130,"minecraft:repeating_command_block":85,"minecraft:oak_slab":64,"minecraft:piston":2,"minecraft:porkchop":3,"minecraft:oak_pressure_plate":64,"minecraft:tnt":95,"minecraft:lime_terracotta":26,"minecraft:feather":16,"minecraft:barrier":155,"minecraft:cobblestone":24,"minecraft:observer":67,"minecraft:rooted_dirt":64,"minecraft:leather":1,"minecraft:dark_oak_button":64,"minecraft:red_wool":5,"minecraft:spruce_button":129,"minecraft:command_block":68,"minecraft:red_stained_glass":69,"minecraft:spruce_door":66,"minecraft:chicken_spawn_egg":64,"minecraft:polished_blackstone_button":64,"minecraft:coal_block":2796,"minecraft:red_carpet":64,"minecraft:stick":1,"minecraft:end_rod":64,"minecraft:gold_block":515,"minecraft:acacia_sign":7,"minecraft:cyan_terracotta":64,"minecraft:iron_block":1,"minecraft:dirt":64,"minecraft:redstone_lamp":4,"minecraft:bee_spawn_egg":64,"minecraft:milk_bucket":1,"minecraft:jungle_button":64,"minecraft:iron_trapdoor":2,"minecraft:stone_button":263,"minecraft:wooden_hoe":6,"minecraft:repeater":227,"minecraft:snowball":128,"minecraft:chain":64,"minecraft:golden_hoe":38,"minecraft:mud":1,"minecraft:trapped_chest":129,"minecraft:black_stained_glass":742,"minecraft:acacia_planks":64,"minecraft:redstone_block":158,"minecraft:armor_stand":38,"minecraft:redstone":135,"minecraft:snow_block":1,"minecraft:red_concrete":67,"minecraft:polished_diorite":67,"minecraft:note_block":95,"minecraft:farmland":64,"minecraft:anvil":66,"minecraft:zombie_spawn_egg":257,"minecraft:compass":1,"minecraft:blackstone":423,"minecraft:emerald_block":15,"minecraft:lever":1581,"minecraft:pillager_spawn_egg":64,"minecraft:netherite_hoe":7,"minecraft:diamond_block":2,"minecraft:green_terracotta":3,"minecraft:cooked_chicken":65,"minecraft:coarse_dirt":64,"minecraft:cobbled_deepslate":66,"minecraft:pig_spawn_egg":64,"minecraft:black_carpet":64,"minecraft:deepslate":71,"minecraft:sticky_piston":66,"minecraft:diamond_hoe":9,"minecraft:goat_spawn_egg":64,"minecraft:chicken":12,"minecraft:oak_planks":64,"minecraft:blue_concrete":64,"minecraft:villager_spawn_egg":320,"minecraft:iron_hoe":5,"minecraft:slime_block":312,"minecraft:green_concrete":2,"minecraft:dirt_path":64,"minecraft:debug_stick":1,"minecraft:zombified_piglin_spawn_egg":64,"minecraft:mycelium":64,"minecraft:oak_sign":63,"minecraft:orange_stained_glass":20,"minecraft:red_terracotta":1,"minecraft:acacia_button":64,"minecraft:crimson_button":67,"minecraft:diamond_sword":4,"minecraft:stone":5011,"minecraft:oak_button":391,"minecraft:black_concrete_powder":64,"minecraft:spruce_trapdoor":64,"minecraft:dropper":4,"minecraft:andesite":7,"minecraft:honey_block":64,"minecraft:glowstone":142,"minecraft:chest":128,"minecraft:redstone_torch":256,"minecraft:barrel":1,"minecraft:birch_sign":48,"minecraft:brown_carpet":64,"minecraft:spruce_slab":1124,"minecraft:sandstone":85,"minecraft:birch_button":323,"minecraft:iron_bars":130,"minecraft:red_sand":64,"minecraft:glass":385,"minecraft:beef":2,"minecraft:podzol":64,"minecraft:chain_command_block":87,"minecraft:white_stained_glass":331,"minecraft:enchanting_table":64,"minecraft:black_wool":65,"minecraft:egg":2},"minecraft:killed_by":{"minecraft:creeper":1}},"DataVersion":3700}